,ph,Hardness,Solids,Chloramines,Sulfate,Conductivity,Organic_carbon,Trihalomethanes,Turbidity,Potability
count,3276.0,3276.0,3276.0,3276.0,3276.0,3276.0,3276.0,3276.0,3276.0,3276.0
mean,0.505771036019774,0.5402314757675287,0.3561727853066645,0.5299629583894939,0.5816987273307171,0.42794012898992084,0.4630256799876368,0.5326726237345495,0.4758529343526297,0.3901098901098901
std,0.10499685498904023,0.1192626607819384,0.1439683175176028,0.12392053925946846,0.10266893793558884,0.14133568423408815,0.12674950188225562,0.1279378987256032,0.14754819597001562,0.48784916967025516
min,0.0,0.0,0.0,0.0,0.0,0.0,0.0,0.0,0.0,0.0
25%,0.44840518827745696,0.4694316043901323,0.2519568489265802,0.4520877303711387,0.5343132532270113,0.3221960368641784,0.37800005109628615,0.45358387557807767,0.3761979333735889,0.0
50%,0.505771036019774,0.5424010376203544,0.33833785278362005,0.530590917720789,0.5816987273307173,0.42038556848106357,0.4604727179007122,0.5326726237345494,0.473629715067695,0.0
75%,0.562146411089084,0.6138569716018989,0.4434982946717273,0.6076623899889648,0.6288820622324331,0.5251445218071266,0.5501015917181392,0.6159936504937462,0.5767290200955021,1.0
max,1.0,1.0,1.0,1.0,1.0000000000000002,1.0,1.0,1.0000000000000002,1.0000000000000002,1.0
